{"cameraMode":{"drawMode":0,"name":"Shaded","section":"Shading Mode"},"sceneLighting":true,"audioPlay":false,"sceneViewState":{"showFog":true,"showMaterialUpdate":true,"showSkybox":true,"showFlares":true,"showImageEffects":true,"showParticleSystems":true},"in2DMode":false,"pivot":{"x":1275.9708251953125,"y":542.9017333984375,"z":-830.6976928710938},"rotation":{"x":-0.01481796707957983,"y":0.9309358596801758,"z":-0.038012292236089709,"w":-0.3628966808319092},"size":2343.7021484375,"orthographic":false}