{"cameraMode":{"drawMode":0,"name":"Shaded","section":"Shading Mode"},"sceneLighting":true,"audioPlay":false,"sceneViewState":{"showFog":true,"showMaterialUpdate":true,"showSkybox":true,"showFlares":true,"showImageEffects":true,"showParticleSystems":true},"in2DMode":false,"pivot":{"x":-142.29444885253907,"y":409.89495849609377,"z":228.76336669921876},"rotation":{"x":0.2643766701221466,"y":-0.2716389298439026,"z":0.07788243144750595,"w":0.9220909476280212},"size":2095.0048828125,"orthographic":false}