{"cameraMode":{"drawMode":0,"name":"Shaded","section":"Shading Mode"},"sceneLighting":true,"audioPlay":false,"sceneViewState":{"showFog":true,"showMaterialUpdate":true,"showSkybox":true,"showFlares":true,"showImageEffects":true,"showParticleSystems":true},"in2DMode":false,"pivot":{"x":544.559326171875,"y":451.99267578125,"z":28.767066955566408},"rotation":{"x":-0.043759915977716449,"y":0.9562326073646545,"z":-0.20262411236763,"w":-0.20651355385780335},"size":1419.895263671875,"orthographic":false}