{"cameraMode":{"drawMode":0,"name":"Shaded","section":"Shading Mode"},"sceneLighting":true,"audioPlay":false,"sceneViewState":{"showFog":true,"showMaterialUpdate":true,"showSkybox":true,"showFlares":true,"showImageEffects":true,"showParticleSystems":true},"in2DMode":false,"pivot":{"x":-341.4418029785156,"y":529.4430541992188,"z":392.4569091796875},"rotation":{"x":-0.043759915977716449,"y":0.9562326073646545,"z":-0.20262411236763,"w":-0.20651355385780335},"size":3036.672119140625,"orthographic":false}