{"cameraMode":{"drawMode":0,"name":"Shaded","section":"Shading Mode"},"sceneLighting":false,"audioPlay":false,"sceneViewState":{"showFog":true,"showMaterialUpdate":true,"showSkybox":true,"showFlares":true,"showImageEffects":true,"showParticleSystems":true},"in2DMode":false,"pivot":{"x":252.69085693359376,"y":1101.357421875,"z":-46.29506301879883},"rotation":{"x":-0.001191859832033515,"y":0.9986003041267395,"z":-0.025779295712709428,"w":-0.04616725817322731},"size":679.2923583984375,"orthographic":false}