{"cameraMode":{"drawMode":0,"name":"Shaded","section":"Shading Mode"},"sceneLighting":true,"audioPlay":false,"sceneViewState":{"showFog":true,"showMaterialUpdate":true,"showSkybox":true,"showFlares":true,"showImageEffects":true,"showParticleSystems":true},"in2DMode":false,"pivot":{"x":1.4033081531524659,"y":2.9072670936584474,"z":-1.5427815914154053},"rotation":{"x":0.14994703233242036,"y":-0.5062069892883301,"z":0.08987997472286225,"w":0.8445069789886475},"size":3.6972408294677736,"orthographic":false}