{"cameraMode":{"drawMode":0,"name":"Shaded","section":"Shading Mode"},"sceneLighting":true,"audioPlay":false,"sceneViewState":{"showFog":true,"showMaterialUpdate":false,"showSkybox":true,"showFlares":true,"showImageEffects":true,"showParticleSystems":true},"in2DMode":false,"pivot":{"x":12.459554672241211,"y":-10.334831237792969,"z":-8.27005386352539},"rotation":{"x":0.17942284047603608,"y":0.6618312001228333,"z":-0.1676531285047531,"w":0.7082933187484741},"size":33.441436767578128,"orthographic":false}