{"cameraMode":{"drawMode":0,"name":"Shaded","section":"Shading Mode"},"sceneLighting":true,"audioPlay":false,"sceneViewState":{"showFog":true,"showMaterialUpdate":false,"showSkybox":true,"showFlares":true,"showImageEffects":true,"showParticleSystems":true},"in2DMode":false,"pivot":{"x":4.9622368812561039,"y":-1.613072156906128,"z":-1.739858865737915},"rotation":{"x":0.09267941117286682,"y":0.8765560984611511,"z":-0.18739056587219239,"w":0.433525949716568},"size":11.830507278442383,"orthographic":false}