{"cameraMode":{"drawMode":0,"name":"Shaded","section":"Shading Mode"},"sceneLighting":true,"audioPlay":false,"sceneViewState":{"showFog":true,"showMaterialUpdate":false,"showSkybox":true,"showFlares":true,"showImageEffects":true,"showParticleSystems":true},"in2DMode":false,"pivot":{"x":2.229241371154785,"y":-0.5587730407714844,"z":-4.588589668273926},"rotation":{"x":-0.11704084277153015,"y":0.8809745907783508,"z":-0.3541322648525238,"w":-0.2911626100540161},"size":23.631614685058595,"orthographic":false}