{"cameraMode":{"drawMode":0,"name":"Shaded","section":"Shading Mode"},"sceneLighting":true,"audioPlay":false,"sceneViewState":{"showFog":true,"showMaterialUpdate":false,"showSkybox":true,"showFlares":true,"showImageEffects":true,"showParticleSystems":true},"in2DMode":false,"pivot":{"x":2269.85888671875,"y":-1257.931884765625,"z":652.0963134765625},"rotation":{"x":-0.27175870537757876,"y":-0.6192657947540283,"z":0.24181699752807618,"w":-0.6958869099617004},"size":2724.12353515625,"orthographic":false}