{"cameraMode":{"drawMode":0,"name":"Shaded","section":"Shading Mode"},"sceneLighting":true,"audioPlay":false,"sceneViewState":{"showFog":true,"showMaterialUpdate":false,"showSkybox":true,"showFlares":true,"showImageEffects":true,"showParticleSystems":true},"in2DMode":false,"pivot":{"x":271.13128662109377,"y":-255.31185913085938,"z":469.31427001953127},"rotation":{"x":0.3709249198436737,"y":0.6281054615974426,"z":-0.5052267909049988,"w":0.46113821864128115},"size":547.2490234375,"orthographic":false}